порядок;компания;сфера;текущий_сайт;телефон;кого_спросить;пометка;демо;сравнение;проблема_1;проблема_2;проблема_3;первая_фраза
1;"АО «Консервный завод ""Саранский""»";консервы, молочная продукция;https://saranskkonserv.ru;8-800-250-41-13 (приёмная: 8 (8342) 24-71-41);маркетинг или ген. директор Меркушкин А.Н.;;docs/saranskkonserv/;docs/saranskkonserv/compare.html;Во вкладке браузера название начинается с латинской буквы «C»: «Cаранский». Это опечатка.;На телефоне первый экран показывает только логотип и телефон. Слоган и продукцию не видно.;Плитки «Молочная консервация» и «Молочная продукция» ведут на одну страницу. Во второй плитке есть опечатка «замороженые».;«Добрый день. Меня зовут [имя]. Мы сделали для вашего завода демо нового сайта. Можно показать его за две минуты?»
2;АО ХК «Саранскстройзаказчик»;строительный холдинг;http://sszhol.ru;(8342) 47-73-01;Ваганов М.А. (врио);;docs/sszhol/;docs/sszhol/compare.html;Нет мобильной версии. Страница имеет фиксированную ширину 800 px и не имеет тега viewport. На телефоне логотип и текст обрезаны.;На главной странице нет телефона. Номер (8342) 47-73-01 есть только на странице «Контакты».;Адрес https://sszhol.ru не открывается. Сайт работает только по http, и браузер пишет «Не защищено».;«Добрый день. Меня зовут [имя]. Мы сделали для холдинга «Саранскстройзаказчик» демо нового сайта. Можно показать его за две минуты?»
3;ООО «Спецтехно-С»;запчасти для экскаваторов;http://с-техно.рф;+7 (8342) 23-25-43;директор Самосудов А.А.;;docs/s-techno/;docs/s-techno/compare.html;На телефоне сайт не перестраивается. В коде нет настройки viewport. Макет имеет фиксированную ширину. На экране 390 пикселей видно только логотип и левое меню. Текст и телефон обрезаны.;В меню есть ошибки. Заголовок «Cменное навесное оборудование» начинается с латинской буквы «C». В пункте «Гидрораспредилитель 3-х золотниковый» пропущена буква «е».;Адрес открывается без https. Сайт отдаёт страницу по http и не перенаправляет на https. Браузер может показать значок «Не защищено».;«Добрый день. Меня зовут [имя]. Мы сделали для вашей компании демо нового сайта. Можно показать его за две минуты?»
4;«Вторцветмет»;лом цветных металлов, алюминий в чушках;http://vcm-saransk.ru/;+7 (8342) 24-10-57;директор Ганаев Е.Н.;Уточнить форму: сайт называет ЗАО, справочник называет ООО;docs/vcm-saransk/;docs/vcm-saransk/compare.html;На телефоне текст обрезается. Страница имеет фиксированную ширину 770 пикселей. Справа абзацы уходят за край экрана.;Страница «Новости» пустая. На ней нет ни одной новости, только часы посетителя. Страница «Магазин» тоже пустая: ссылки «Прайс лист» никуда не ведут.;Телефоны на странице «Контакты» это обычный текст. С телефона их нельзя набрать нажатием. Кроме того, адрес с https не открывается, сайт работает только по http.;«Добрый день. Меня зовут [имя]. Мы сделали для вашей компании демо нового сайта. Можно показать его за две минуты?»
5;ООО «СантехСтройКомплект»;стальные отводы и фитинги;https://ssk13.ru;+7 (8342) 77-72-72;директор Чумаков С.А.;;docs/ssk13/;docs/ssk13/compare.html;В коде страницы нет тега viewport. На телефоне сайт не перестраивается. На экране 390 px заголовок и меню обрезаны справа. Видны три пункта меню. Остальные пункты обрезаны.;Телефон на главной странице и на странице «Контакты» записан обычным текстом. Ссылок `tel:` нет. С телефона нельзя позвонить одним нажатием.;У каждой из 78 позиций каталога есть кнопка «Заказать». Цена указана только у 4 позиций (отводы 45°). У остальных 74 позиций цены нет.;«Добрый день. Меня зовут [имя]. Мы сделали для вашей компании демо нового сайта. Можно показать его за две минуты?»
6;ООО «Гри-Мак»;рыба, солод, крафт-мешки;https://grimak.ru/;+7 (8342) 32-59-22;директор Корочков В.А.;Цены в демо могут быть устаревшими;docs/grimak/;docs/grimak/compare.html;В меню пункт «Мраморный cом» написан с латинской буквой «c» вместо русской «с». Видно в коде и в меню каждой страницы.;На странице «Знатная рыба» заголовок «Рыба горячего копчёния» с опечаткой. Рядом в тексте написано правильно: «копчения».;В подвале указан «Copyright © 2020». Сайт выглядит заброшенным, хотя цены и товары обновляются.;«Добрый день. Меня зовут [имя]. Мы сделали для «Гри-Мак» демо нового сайта. Можно показать его за две минуты?»
7;ООО «ГК Константа»;пищевые добавки;https://gk-konstanta.ru/ru/;8 800 250-92-91;директор Арбузов А.А.;;docs/gk-konstanta/;docs/gk-konstanta/compare.html;На телефоне шапка занимает почти половину первого экрана. Там логотип, кнопка, меню, телефон и почта. Строка «Время работы: пн-пт (09:00 - 17:00)» обрезана справа. Точки слайдера налезают на заголовок.;Блок «Нашей продукции доверяют» пустой. Под заголовком одна строка текста. Логотипов клиентов и отзывов нет.;В карточке «О компании» на главной ссылка написана с ошибкой: «Подбробнее →».;«Добрый день. Меня зовут [имя]. Мы сделали для компании «Константа» демо нового сайта. Можно показать его за две минуты?»
8;ООО «ТК «ЖНФ» (бренд NANO4);антикоррозионные покрытия;https://nano4.ru/;+7 (937) 673-49-50;ген. директор Бояркин М.С.;;docs/nano4/;docs/nano4/compare.html;Баннер cookie закрывает около 40 % первого экрана телефона. Текст на нём мелкий и светло-серый на белом фоне.;Логотип — маленькая картинка 121 на 52 пикселя. Она размытая и серая. На телефоне она касается значка меню.;В блоке преимуществ опечатка: «1 по гост 31149-20.14». В номере ГОСТ стоит лишняя точка.;«Добрый день. Меня зовут [имя]. Мы сделали для ЖНФ демо нового сайта NANO4. Можно показать его за две минуты?»
9;ООО «Мордовские узоры»;народные промыслы, швейная фабрика;https://mordovuzor.narod.ru/;+7 (8342) 32-01-12 (второй номер: (8342) 35-69-49);руководителя уточнить;Телефон не проверен: на сайте подписан «факс». Второй номер (8342) 35-69-49;docs/mordovuzor/;docs/mordovuzor/compare.html;Страница «Продукция» пустая. На ней одна строка «Здесь представлены образцы продукции» и ни одного фото. Посетитель не видит изделий.;Прайс-лист не открывается. Ссылка ведёт на архив price.rar. В архиве лежит файл price.doc на 60 КБ, и все его байты равны нулю.;На телефоне сайт не подстраивается под экран. Вёрстка шириной 730 пикселей, правая часть текста обрезана. На компьютере поверх страницы виден рекламный блок хостинга.;«Добрый день. Меня зовут [имя]. Мы сделали для «Мордовских узоров» демо нового сайта. Можно показать его за две минуты?»
10;ООО «Сфера»;газовые баллоны;https://rm-sfera.ru/;+7 (8342) 25-34-42;коммерческий директор Тарасова А.Е.;Звонить последней: прайс-лист говорит «отгрузка только по ранее заключённым договорам»;docs/rm-sfera/;docs/rm-sfera/compare.html;Кнопка «Скачать Прайс-лист» открывает файл informaciya.docx. В файле одна фраза: «В настоящий момент отгрузка баллонов осуществляется в рамках заключенных раннее действующих договоров». Цен и моделей в файле нет. В слове «раннее» ошибка.;На страницах моделей разные данные. На странице БГ-170 написано «Объем: 100 л». На странице БГ-65 написано «Объем: 50 л». Название и размеры обеих моделей говорят о другом объёме.;На главной странице нет каталога. Главная называется «О компании» и состоит из текста. На телефоне первый экран занимает один логотип. Чтобы увидеть баллоны, нужно открыть меню и выбрать «Продукция». Там список из 20 названий без таблицы.;«Добрый день. Меня зовут [имя]. Мы сделали для завода «Сфера» демо нового сайта. Можно показать его за две минуты?»
