n;компания;группа;сайт;тех_оценка_0-5;визуальный_разрыв_0-5;итог_0-5;телефон;источник_телефона;цвета_бренда;проблемы_сайта;примечания
10;"АО ХК ""Саранскстройзаказчик""";A: первая десятка, делаем демо;http://sszhol.ru;5;;5;(8342) 47-73-01;сайт, страница контактов (юр. адрес ул. Советская, 52);#8e9ab8,#ff0000;дизайн 2000-х годов с вёрсткой таблицами, не открывается на телефоне - страница обрезается справа, нет защищенного соединения и сертификат не подходит к адресу - браузер пишет «небезопасно», в подвале 1994-2011 годы а последние объявления 2016 и 2022 годов;сайт открывается (200), устаревший, кодировка cp1251. Факс (8342) 47-54-33
26;"ООО ""Мордовские узоры""";A: первая десятка, делаем демо;https://mordovuzor.narod.ru/;5;;5;+7 (8342) 32-01-12;страница контактов сайта mordovuzor.narod.ru (также 35-69-49);#a5001e,#f0a0a8;сайт на бесплатном хостинге narod.ru с рекламным видео поверх страницы, не открывается на телефоне - вёрстка 2007 года фиксированной ширины, вёрстка таблицами и устаревшая графика, на сайте прежняя форма ЗАО;"сайт открывается (200), сайт ЗАО ""Мордовские узоры"" (прежняя форма), тот же адрес А. Невского 101б, narod.ru, устаревший"
18;"ООО ""Вторцветмет""";A: первая десятка, делаем демо;http://vcm-saransk.ru/;4;;4;+7 (8342) 24-10-57;страница контактов сайта vcm-saransk.ru (также 24-55-90, 24-11-54, +7 927 640-57-38, +7 909 325-56-66);#1e0a0a,#d6b88f,#0a9a1e;дизайн 2000-х годов на тёмном фоне, на телефоне текст обрезается и нужно двигать вбок, нет защищенного соединения - https не отвечает, на сайте указана форма ЗАО а в списке ООО;"сайт открывается (200), адрес Рабочая 85 совпадает, но на сайте компания названа ЗАО ""Вторцветмет"" - возможна смена формы или другая сущность"
19;"ООО ""ГК Константа""";A: первая десятка, делаем демо;https://gk-konstanta.ru/ru/;0;4;4;8 800 250-92-91;страница контактов сайта gk-konstanta.ru, email gk-konstanta@mail.ru;#0B3D91 #2F6DB5 #333333;"Шапка сломана: бледное дублирующее меню и заголовок обрезан плавающей панелью. Стена мелкого текста про ""механизмы действия"". Заголовки капсом разного размера и кнопки вразнобой. Лого почти не видно. Блок ""Нашей продукции доверяют"" пустой.";сайт открывается (200), пищевые добавки, улица на сайте не указана - принадлежность по профилю и региону
20;"ООО ""Гри-Мак""";A: первая десятка, делаем демо;https://grimak.ru/;1;4;4;+7 (8342) 32-59-22;главная страница сайта grimak.ru (в шапке), checko: +7 927 274-40-23;#E8681A #2E8B57 #2A6FB0;старая бесплатная тема WordPress Saphali Lite, в подвале 2020 год | Слайдер почти пустой: тёмный кадр с рукописным шрифтом. В блоке преимуществ странный диаграммный круг и крупные пустые серые и белые зоны. Фото магазинов мелкие. Видеоблок оранжевая заглушка. Подвал 2020 года.;сайт открывается (200), адрес Студенческая 6А совпадает, рыба плюс солод и акваферма
42;"ООО ""Спецтехно-С""";A: первая десятка, делаем демо;http://с-техно.рф (xn----jtbyelhw.xn--p1ai);4;;4;+7 (8342) 23-25-43;с-техно.рф (главная страница) и Яндекс Карты;#089541;дизайн начала 2000-х - простой текст и списки, на телефоне не перестраивается и текст обрезан, кодировка windows-1251, по умолчанию открывается без https;сайт открывается (200). Экскаваторные запчасти. Доп. +7 (937) 510-87-77 и +7 (8342) 37-38-57
43;"ООО ""Сфера""";A: первая десятка, делаем демо;https://rm-sfera.ru/;0;4;4;+7 (8342) 25-34-42;rm-sfera.ru/kontakty-stranitsa;#1F6A8A #23A0D8 #E04A30;Вид примерно 2013 года: узкая рамка с тенями и серо-голубой фон. Огромный квадратный логотип поверх фото в шапке. Главная - сплошной текст про компанию без каталога и карточек. Заголовок на фото тонкий и наклонный.;сайт открывается (200). Адрес п. Ялга ул. Пионерская 10 совпадает. Газовые баллоны и ёмкости
46;"ООО ""ТК ""ЖНФ""";A: первая десятка, делаем демо;https://nano4.ru/;0;4;4;+7 (937) 673-49-50;nano4.ru (контакты);#1F5FD0 #8B0F14 #6CC04A;Вместо иконок размытые голубые пятна. Баннер cookie закрывает текст. Мелкий серый текст на цветном фоне. Заголовки в синих овалах выглядят неряшливо. Фото банок мутные и слабо читаются.;сайт открывается (200). Антикоррозионные покрытия NANO4. Яндекс Карты: +7 (927) 979-00-30 и +7 (8342) 33-30-63
1;"АО ""Консервный завод ""Саранский""";A: первая десятка, делаем демо;https://saranskkonserv.ru;0;3;3;8-800-250-41-13;сайт (главная страница);#3A9A2A #E0213F #3B4A4F;"Слайдер в шапке обрезает слова на слайдах (читается ""АЧЕСТВО"") и выглядит дёшево. Все плитки категорий одинаковы и без цен или фасовки. Логотипы торговых марок мелкие и разбросаны 3+1 без выравнивания. Стоковые фото и шрифты разного стиля - нет цельного бренда.";сайт открывается (200), адрес на сайте совпадает (пр-т Ленина, 54). Также +7 (8342) 24-71-41 приемная (ibprom.ru)
36;"ООО ""СантехСтройКомплект""";A: первая десятка, делаем демо;https://ssk13.ru;3;;3;+7 (8342) 77-72-72;страница контактов ssk13.ru;#161b28;дизайн 2010-х годов фиксированной ширины, на телефоне не перестраивается и меню обрезано, нет настройки мобильной адаптации, устаревшие теги font и center;сайт открывается (200). Адрес Лямбирское шоссе 18 совпадает. Доп. +7 (917) 693-39-92
37;"ООО ""Саранский завод лицевого кирпича""";B: сильно улучшаемый, проблемы надо перепроверить в браузере;https://szlk-srn.ru;0;5;5;+7 (8342) 29-46-78;каталоги (сниппет поиска);#F26A2E #000000 #F8A96A;"Сломанные картинки (видны подписи вместо фото) в шапке и карточках. Меню обрезано и наезжает друг на друга. Огромные чёрные пустые зоны и белое пятно на главном экране. Заголовок ""ПАРТНЕРЫ"" и ""ДОСТАВКА"" обрезаны. Неряшливые градиенты оранжево-чёрного цвета.";"сайт открывается (200), бренд ""Сарамикс"", адрес завода на сайте не найден. Доп. +7 (8342) 29-41-53. Телефоны на сайте относятся к дилерам"
40;"ООО ""СпецВент""";B: сильно улучшаемый, проблемы надо перепроверить в браузере;https://svent13.ru/;0;5;5;+7 (8342) 27-10-01;svent13.ru (страница контактов);#C8102E #7A7A7A #2B2B2B;Стили не работают: меню и шапка идут сплошным списком ссылок. Текст накладывается на фото в блоках контактов и объектов. Огромные пустые и серые зоны. Нет логотипа-картинки - только текст.;сайт открывается (200). На сайте адрес ул. Строительная 4Г стр. 3. Доп. +7 (927) 971-12-83
47;"ООО ""Торговый дом ""СаранскСпецТехника""";B: сильно улучшаемый, проблемы надо перепроверить в браузере;https://sstrm.ru/;0;5;5;+7 (960) 330-95-95;sstrm.ru (контакты);#800000 #000000 #F3F3F3;Карточки каталога - тёмно-красные плитки без фото. Слайдер и блок партнёров пустые. Дизайн примерно 2012 года: чёрная шапка и бордовое меню. Лого уродливо вписано в кружок. Фото техники не показывает продукцию.;сайт открывается (200). Адрес совпадает. Второй сайт: https://sst-rm.ru/ (завод прицепов ССТ). Доп. +7 (960) 330-70-70
21;"ООО ""Диак""";B: сильно улучшаемый, резерв;https://diak.ru;;4;4;+7 (8342) 55-49-60 / 55-11-55;сайт diak.ru;#4A80BD #1A1A1A #D0D0D0;"Конструктор Tilda без индивидуального дизайна. Три картинки-иллюстрации вместо фото. Текст ""О компании"" голый и без структуры. Иконки преимуществ разного стиля и размера. Технически: HTTPS есть. На телефоне страница перестраивается. Год в подвале не указан.";ИНН 1328164756. Сайт на Tilda открывается. Адрес Лихачева 35в и телефон 55-49-60 совпадают. E-mail на сайте diac@inbox.ru. Saby.ru указывает diak.su - домен не открывается.
4;"АО ""Мордовиягосплем""";B: сильно улучшаемый, резерв;https://m-gosplem.ru;;3;3;+7 (8342) 25-27-09;сайт m-gosplem.ru (также list-org: 25-27-55 и 25-26-94);#1B6B34 #3A3F47 #8DB600;Конструктор Bitrix24 - шаблонный вид. Очень длинная страница с серыми иконками и разнородными фото и логотипами. Блок партнёров - сетка мелких логотипов без порядка. Технически: основной домен m-gosplem.ru не открылся (соединение закрыто) - работает только адрес bitrix24site.ru. HTTPS есть. На телефоне страница перестраивается. Год в подвале не указан.;ИНН 1328906292. Домен перенаправляет на m-g-p.bitrix24site.ru (одностраничный сайт с каталогом быков и адресом Озерный ул. Молодежная 21). Домен найден через saby.ru. E-mail gosplem@list.ru и gosplem@moris.ru.
8;"АО ""Саранский комбинат макаронных изделий""";B: сильно улучшаемый, резерв;http://skmi.net;;3;3;8 (800) 222-82-30 / +7 (8342) 25-39-00;сайт skmi.net;#E9B24A #1A1A1A #FFF8EC;Шапка с размытым фото колосьев смотрится недоделанной. Фото спагетти в тропиках не относится к теме. В каталоге всего 3 карточки и большая пустота под ними. Технически: HTTPS нет (только http). На телефоне страница шире экрана (550 вместо 390 px) - есть горизонтальная прокрутка. Год в подвале не указан.;"Сокращенное название АО ""СКМИ"" (ИНН 1328047516). Сайт открывается с каталогом (линейки Grandis и Солнечная мельница) и адресом Ялга ул. Российская 7 стр. 1. Домен найден через saby.ru. E-mail zakaz@skmi.net. Старый телефон 25-39-00 на сайте не указан. Домены mkmi.ru и skmi.ru припаркованы."
14;"ООО ""Авалон-С""";B: сильно улучшаемый, резерв;https://www.avalon.su/;0;3;3;+7 (8342) 27-02-07;страница контактов сайта avalon.su (офис и склад в Саранске);#2F7DC0 #1FD1B0 #1E3A5F;Вид примерно 2014 года: узорный фон и цветные плитки-иконки разных оттенков. Плитки категорий без фото товара. Серо-голубой фон и тонкие шрифты бледные. Баннер cookie перекрывает плитки.;сайт открывается (200), адрес 2-ая Промышленная, 18а совпадает, есть офисы в Москве/СПб/Челябинске
24;"ООО ""Комбинат теплоизоляционных изделий""";B: сильно улучшаемый, резерв;https://kti-saransk.ru/;0;3;3;+7 (8342) 29-49-12;страница сайта kti-saransk.ru (пн-пт 8:00-17:00), checko также 29-44-56, 29-42-85;#FDA55B #333333 #F0F0F0;Заголовок наезжает на меню в шапке. Несколько больших пустых блоков и тёмная пустая секция. Вместо сертификатов сломанные картинки с подписями cert-kti. Мало фото продукции.;сайт открывается (200), адрес совпадает
31;"ООО ""ПК ""Беллит""";B: сильно улучшаемый, резерв;https://pk-bellit.ru;1;3;3;8 (8342) 27-21-23;страница контактов pk-bellit.ru;#E0202A #2B2B2B #7A7A7A;в подвале 2022 год | Вид примерно 2015 года. Карточки продукции - тёмные плашки поверх одинаковых бутылок без различий. Большие пустые зоны между блоками. Тёмный баннер и мелкие шрифты. Подвал 2022 года.;сайт открывается (200). Адрес совпадает
44;"ООО ""Тех Кидс""";B: сильно улучшаемый, резерв;https://techkids.ru/;1;3;3;+7 (834) 254-61-00 (доб. 4);techkids.ru/o-kompanii;#2F8F83 #1F2D5A #9BC53D;"в подвале 2022 год | Главный баннер пустой (серый прямоугольник). Фото товаров разного размера и качества. Лишний блок ""1"" в разделе преимуществ. Типовой интернет-магазин на конструкторе. Подвал 2022 года.";сайт открывается (200). На сайте адрес Промышленный проезд д.3 (в списке д.1). Доп. +7 (927) 274-97-97
25;"ООО ""Мордовбитум""";B: сильно улучшаемый, резерв;http://mordovbitum.ru/;2;;2;+7 (8342) 77-78-98;главная страница сайта mordovbitum.ru (info@mordovbitum.ru), checko также +7 834 248-24-29;#f7a600,#e65100;крупный баннер на главной разъезжается - логотип занимает пол-экрана, на телефоне текст баннера не читается на фоне бочек, кодировка windows-1251 и шаблон около 2016 года, адрес из каталога открывается без https;сайт открывается (200), улица на сайте не проверена
35;"ООО ""Ростр""";B: сильно улучшаемый, резерв;https://newrostr.ru;2;;2;+7 (8342) 47-26-01;страница контактов newrostr.ru;#1d4090;сертификат newrostr.ru просрочен - браузер закрывает вход предупреждением, домен перенаправляет на ростр.рф, главный баннер на телефоне обрезан, в подвале 2023 год;сертификат newrostr.ru просрочен, домен перенаправляет на ростр.рф. Адрес Советская 105А совпадает. Доп. (8342) 23-18-25
48;"ООО ""Фотонные технологические системы""";B: сильно улучшаемый, резерв;https://phts.ru/;2;;2;+7 (964) 853-00-05;phts.ru/contacts;#050a30,#1e9bf0;главная страница грузится очень долго - скрипт не дождался за 20 секунд, на телефоне пустые области и обрезанный баннер;сайт открывается медленно. Юр. адрес на сайте: ул. Строительная 8 пом. 8. Доп. отдел продаж +7 (964) 840-42-05
