n;name;site_url;verdict;phone;phone_source;company_status;notes
3;АО "Мордоввтормет";;not_found_2_passes;+7 (8342) 24-65-63;list-org.com (карточка АО "МВМ");active;Компания теперь называется АО "МВМ" (ИНН 1326001192). Агрегаторы сайт не указывают. Saby.ru указывает gidrm.ru - домен не открывается (таймаут) и по названию не связан с компанией. E-mail mvtormet@mail.ru. Другие телефоны: 24-12-78 и 24-59-76.
4;АО "Мордовиягосплем";https://m-gosplem.ru;found;+7 (8342) 25-27-09;сайт m-gosplem.ru (также list-org: 25-27-55 и 25-26-94);active;ИНН 1328906292. Домен перенаправляет на m-g-p.bitrix24site.ru (одностраничный сайт с каталогом быков и адресом Озерный ул. Молодежная 21). Домен найден через saby.ru. E-mail gosplem@list.ru и gosplem@moris.ru.
5;АО "Мордовспецстрой";;not_found_2_passes;+7 (8342) 29-19-55;list-org.com (АО "МСС" ИНН 1327018664);active;Сокращенное название АО "МСС". Saby.ru указывает mdkdepozit.ru - домен не открывается (ошибка соединения) и по названию не связан со стройкой. Угаданные домены (mss13 и др.) не отвечают. Основной ОКВЭД сейчас - аренда недвижимости. E-mail на moris.ru и yandex.ru.
8;АО "Саранский комбинат макаронных изделий";http://skmi.net;found;8 (800) 222-82-30;сайт skmi.net;active;Сокращенное название АО "СКМИ" (ИНН 1328047516). Сайт открывается с каталогом (линейки Grandis и Солнечная мельница) и адресом Ялга ул. Российская 7 стр. 1. Домен найден через saby.ru. E-mail zakaz@skmi.net. Старый телефон 25-39-00 на сайте не указан. Домены mkmi.ru и skmi.ru припаркованы.
9;АО "Тепличное";https://rostgroup.ru/greenhouses/teplichnoye/;holding_only;+7 (8342) 55-11-09;страница на rostgroup.ru;active;ИНН 1328016109. Saby.ru указывает tkrm.ru - домен перенаправляет на страницу комплекса "Тепличное" на сайте холдинга Рост Групп (Республика Мордовия). Отдельного собственного сайта нет. Адрес на странице пос. Озерный. Отдел персонала +7 (834) 55-28-45.
16;ООО "Агрофотоника РМ";;not_found_2_passes;+7 (927) 188-65-63 / +7 (8342) 33-35-08;list-org.com;active;ИНН 1327032098. Сайт не указан ни в одном агрегаторе. Угаданные домены agrofotonika.ru и agrophotonics.ru зарегистрированы но сайта нет (ошибка 404 регистратора). Сайт vniiis.su (НИИИС Лодыгина) на том же адресе компанию не упоминает. Соседнее юрлицо ООО "Тепличное освещение" (ИНН 1327029144) по адресу Лодыгина 3 не проверялось. E-mail sv**va@mail.ru.
21;ООО "Диак";https://diak.ru;found;+7 (8342) 55-49-60 / 55-11-55;сайт diak.ru;active;ИНН 1328164756. Сайт на Tilda открывается. Адрес Лихачева 35в и телефон 55-49-60 совпадают. E-mail на сайте diac@inbox.ru. Saby.ru указывает diak.su - домен не открывается.
34;ООО "Рециклинговая фирма - Заготовитель";;not_found_2_passes;+7 (937) 517-51-74 (не подтвержден);первый проход;active;ИНН 1328018106. Сайта нет ни в одном агрегаторе. Угаданные домены не отвечают. E-mail на hotmail.com (свой домен не выявлен). Директор Дрожалкин А. А. Телефон агрегаторы не показывают.
41;ООО "СпецТехЛогистика";;dead_domain;;нет;liquidated;ИНН 1327020737. Сайт stl-mh.ru по данным saby.ru - не открывается (ошибка соединения). Принадлежность домена и его прошлую работу не проверили - вердикт условный. Vpnn.ru тоже не открывается. Компания ликвидирована (исключена из реестра 20.05.2026). Юридический адрес 1-я Промышленная 19 оф. 261. Адрес Пролетарская 126А принадлежит заводу САРЭКС (ООО "САРЭКС" ИНН 1300013073 арендует помещения). Старый домен sarex.ru теперь ведет на sarex.io (другой бизнес). E-mail домен spectranslogistika.ru не открывается.
50;ООО МП "Искра";iskravos.ru;dead_domain;+7 (8342) 24-60-88;первый проход;active;ИНН 1326010380. Saby.ru указывает iskravos.ru как сайт компании. Сейчас на домене сайт казино-спама (домен захвачен). Другого сайта не найдено. Директор Пуряева М. И.
51;ООО СК "Связьстройком";;not_found_2_passes;+7 (8342) 27-10-27;первый проход;active;ИНН 1327156600. Saby.ru в поле сайт указывает moris.ru - это домен провайдера (e-mail на moris.ru) а не сайт компании. Угаданные домены не найдены. Домен ssk13.ru принадлежит другой компании (стальные отводы).
