n;name;site_url;phone;phone_source;notes
1;АО "Консервный завод "Саранский";https://saranskkonserv.ru;8-800-250-41-13;сайт (главная страница);сайт открывается (200), адрес на сайте совпадает (пр-т Ленина, 54). Также +7 (8342) 24-71-41 приемная (ibprom.ru)
2;АО "МордовАгроМаш";https://oaomam.ru;+7 (8342) 25-85-43;сайт (главная страница);сайт открывается (200). Домен найден по email (@oaomam.ru). Также 8 (8342) 25-84-24, 25-85-60, 25-85-67
3;АО "Мордоввтормет";NONE;+7 (8342) 24-65-63;asktel.ru (справочник);собственный сайт не найден
4;АО "Мордовиягосплем";NONE;NONE;;сайт и телефон не найдены (поиск и справочники ничего не дали)
5;АО "Мордовспецстрой";NONE;+7 (8342) 29-19-55;asktel.ru (справочник);собственный сайт не найден. Также 29-19-58, 29-19-60. В orgpage.ru: +7 (8342) 24-35-69
6;АО "НИИТФА", Саранский филиал;https://niitfa.ru;8 (834-2) 24-34-72;сайт niitfa.ru, страница контактов (адрес Саранск, ул. Рабочая, 82);сайт открывается (200). Это сайт головной организации (Москва, тел. 8 (495) 730-80-10). Принадлежность номера 24-34-72 саранскому адресу выведена из соседства на странице
7;АО "Саранский завод автосамосвалов";https://samosvalsaz.ru;+7 (8342) 47-52-29;ibprom.ru (справочник), там же указан сайт www.samosvalsaz.ru;curl получает 401 (антибот Qrator), в браузере открывается. Также 47-67-64, 24-43-06, 47-50-51, 24-67-64, 47-01-39
8;АО "Саранский комбинат макаронных изделий";NONE;+7 (8342) 25-39-00;asktel.ru и list-org (справочники);собственный сайт не найден. Домен mkmi.ru припаркован (не сайт компании). Также 25-46-37, 25-46-40
9;АО "Тепличное";NONE;NONE;;сайт и телефон не найдены (в справочниках номера частично скрыты)
10;АО ХК "Саранскстройзаказчик";http://sszhol.ru;(8342) 47-73-01;сайт, страница контактов (юр. адрес ул. Советская, 52);сайт открывается (200), устаревший, кодировка cp1251. Факс (8342) 47-54-33
11;ЗАО "Саранский завод керамических изделий";https://szki13.ru;+7 (8342) 35-77-66;сайт, страница контактов (ул. Осипенко, 8);сайт открывается (200). Также 35-87-78 (бухгалтерия). В asktel.ru: 35-77-95, 35-87-78, а 35-77-66 указан как факс
12;АО "Детская Пищевая Станция";https://dps-saransk.wixsite.com/dps-saransk2;8 (8342) 47-28-98 (директор);сайт (ул. Полежаева, 159Б);сайт открывается (200), но это поддомен Wix. Также 24-25-51 бухгалтерия, 24-23-27 отдел реализации. По данным rbc.ru МП "Детская пищевая станция" ликвидировано 11.09.2024
13;ООО "Мордовский племенной центр";https://gktalina.ru;+7 (8342) 29-15-62;сайт ГК Талина, страница контактов (Александровское шоссе, 7, Саранск);сайт открывается (200). Это сайт холдинга, отдельной страницы у МПЦ нет. Тот же телефон в list-org
14;ООО "Авалон-С";https://www.avalon.su/;+7 (8342) 27-02-07;страница контактов сайта avalon.su (офис и склад в Саранске);сайт открывается (200), адрес 2-ая Промышленная, 18а совпадает, есть офисы в Москве/СПб/Челябинске
15;ООО "АгроКурс";https://agrokurs.net/;+7 (8342) 25-74-50;главная страница сайта agrokurs.net, доп. +7 (8342) 25-75-41 и +7 (937) 510-30-76;сайт открывается (200, защита ddos-guard), вентиляция и микроклимат ферм, адрес Луховка совпадает
16;ООО "Агрофотоника РМ";NONE;NONE;NONE;сайт и телефон не найдены (агрегаторы показывают маскированные контакты - возможно сайт существует), адрес в ЕГРЮЛ подтверждён
17;ООО "Акраком";https://akracom.ru/;+7 (953) 033-64-20;страница контактов сайта akracom.ru, доп. +7 (952) 076-79-49, email info@akracom.ru;сайт открывается (200), адрес Строительная 34 стр. 4 оф. 208 совпадает, телефоны мобильные
18;ООО "Вторцветмет";http://vcm-saransk.ru/;+7 (8342) 24-10-57;страница контактов сайта vcm-saransk.ru (также 24-55-90, 24-11-54, +7 927 640-57-38, +7 909 325-56-66);сайт открывается (200), адрес Рабочая 85 совпадает, но на сайте компания названа ЗАО "Вторцветмет" - возможна смена формы или другая сущность
19;ООО "ГК Константа";https://gk-konstanta.ru/ru/;8 800 250-92-91;страница контактов сайта gk-konstanta.ru, email gk-konstanta@mail.ru;сайт открывается (200), пищевые добавки, улица на сайте не указана - принадлежность по профилю и региону
20;ООО "Гри-Мак";https://grimak.ru/;+7 (8342) 32-59-22;главная страница сайта grimak.ru (в шапке), checko: +7 927 274-40-23;сайт открывается (200), адрес Студенческая 6А совпадает, рыба плюс солод и акваферма
21;ООО "Диак";NONE;+7 (8342) 55-49-60;checko.ru (агрегатор) и сниппет поиска, также +7 (8342) 55-11-55, email diak@inbox.ru;собственный сайт не найден, адрес Лихачева 35В подтверждён
22;ООО "Железобетон";https://aogb.narod.ru/;+7 (8342) 29-48-25;страница сайта aogb.narod.ru (факс 29-49-04), checko: +7 834 229-48-93;narod.ru перенаправляет на современный сайт zbk2.org. На сайте назван ЗАО "Железобетон", адрес совпадает
23;ООО "Инжстрой-С";https://injstroys.ru/;8 800 350-66-27;главная страница сайта injstroys.ru, местные: +7 (8342) 54-67-76 и 33-19-69 (checko);сайт открывается (200), офис ул. Крылова 2 оф. 15 (в списке оф. 7), профиль - металлоконструкции
24;ООО "Комбинат теплоизоляционных изделий";https://kti-saransk.ru/;+7 (8342) 29-49-12;страница сайта kti-saransk.ru (пн-пт 8:00-17:00), checko также 29-44-56, 29-42-85;сайт открывается (200), адрес совпадает
25;ООО "Мордовбитум";http://mordovbitum.ru/;+7 (8342) 77-78-98;главная страница сайта mordovbitum.ru (info@mordovbitum.ru), checko также +7 834 248-24-29;сайт открывается (200), улица на сайте не проверена
26;ООО "Мордовские узоры";https://mordovuzor.narod.ru/;+7 (8342) 32-01-12;страница контактов сайта mordovuzor.narod.ru (также 35-69-49);сайт открывается (200), сайт ЗАО "Мордовские узоры" (прежняя форма), тот же адрес А. Невского 101б, narod.ru, устаревший
27;ООО "Мордовский экологический комбинат";https://mek13.ru;+7 (8342) 22-35-36;каталоги (zoon/spr.ru, сниппет поиска);сайт взят из каталога, не открывается (SSL EOF) ни в curl, ни в браузере. Другие номера: +7 (8342) 23-04-98, 30-05-13
28;ООО "НК-Бетон";https://nkbeton.ru/;+7 (8342) 33-31-50;страница контактов сайта nkbeton.ru;сайт открывается (200). Адрес Лодыгина 7В оф. 209 совпадает. Доп. +7 (964) 853-39-39. Домен nkbeton13.ru не открывается
29;ООО "Оримэкс";https://www.orimex.ru/;+7 (8342) 293-000;страница контактов orimex.ru (общий номер фабрики);сайт открывается (200). Адрес совпадает. Интернет-магазин +7 (917) 005-50-50, 8 (800) 222-50-83
30;ООО "Пенобетон";http://www.penobeton13.ru/;+7 (8342) 77-75-93;каталог zoon.ru;сайт отдаёт 403 и скрипту и браузеру, содержимое не проверено. Адрес по zoon совпадает
31;ООО "ПК "Беллит";https://pk-bellit.ru;8 (8342) 27-21-23;страница контактов pk-bellit.ru;сайт открывается (200). Адрес совпадает
32;ООО "Покрофф-Саранск";https://sk.pokroff.ru/;+7 (8342) 33-80-34;страница контактов sk.pokroff.ru;региональная страница сети Покрофф. Адрес Титова 10 совпадает. Доп. +7 (8342) 22-37-08
33;ООО "ПЦ "ЭлементПро";https://elementpro-fab.ru;8 (927) 180-04-05;страница контактов elementpro-fab.ru;сайт открывается (200). Адрес Лодыгина 3 совпадает. Каталоги дают 8(834)33-30-73
34;ООО "Рециклинговая фирма - Заготовитель";NONE;+7 (937) 517-51-74;сниппет поиска (2ГИС/каталог);собственный сайт не найден. Номер относится к пункту на Рузаевской 36В (не точно 36Б). Другой филиал (Ухтомского 47/1): +7 (987) 567-30-96
35;ООО "Ростр";https://newrostr.ru;+7 (8342) 47-26-01;страница контактов newrostr.ru;сертификат newrostr.ru просрочен, домен перенаправляет на ростр.рф. Адрес Советская 105А совпадает. Доп. (8342) 23-18-25
36;ООО "СантехСтройКомплект";https://ssk13.ru;+7 (8342) 77-72-72;страница контактов ssk13.ru;сайт открывается (200). Адрес Лямбирское шоссе 18 совпадает. Доп. +7 (917) 693-39-92
37;ООО "Саранский завод лицевого кирпича";https://szlk-srn.ru;+7 (8342) 29-46-78;каталоги (сниппет поиска);сайт открывается (200), бренд "Сарамикс", адрес завода на сайте не найден. Доп. +7 (8342) 29-41-53. Телефоны на сайте относятся к дилерам
38;ООО "Сигма-плюс";https://sigmacolor.ru;8 800 511-76-04;сайт sigmacolor.ru;сайт открывается (200), адрес 2-я Промышленная 14. Сайт бренда масел для дерева. Домен sigmapack.ru (упаковка) не открывается. Каталог productcenter: +7 (891) 769-72-84
39;ООО "Симбирский бекон";https://gktalina.ru/contacts/office-contacts.php;+7 (8342) 29-15-62;страница контактов ГК Талина (gktalina.ru);холдинг ГК Талина, отдельный блок для компании. Номер приёмной холдинга
40;ООО "СпецВент";https://svent13.ru/;+7 (8342) 27-10-01;svent13.ru (страница контактов);сайт открывается (200). На сайте адрес ул. Строительная 4Г стр. 3. Доп. +7 (927) 971-12-83
41;ООО "СпецТехЛогистика";NONE;+7 (831) 435-12-17;rusprofile (контакты из ЕГРЮЛ);собственный сайт не найден. Телефон Нижнего Новгорода - низкая достоверность. Доп. +7 (347) 293-50-00. vpnn.ru из email не открывается
42;ООО "Спецтехно-С";http://с-техно.рф (xn----jtbyelhw.xn--p1ai);+7 (8342) 23-25-43;с-техно.рф (главная страница) и Яндекс Карты;сайт открывается (200). Экскаваторные запчасти. Доп. +7 (937) 510-87-77 и +7 (8342) 37-38-57
43;ООО "Сфера";https://rm-sfera.ru/;+7 (8342) 25-34-42;rm-sfera.ru/kontakty-stranitsa;сайт открывается (200). Адрес п. Ялга ул. Пионерская 10 совпадает. Газовые баллоны и ёмкости
44;ООО "Тех Кидс";https://techkids.ru/;+7 (834) 254-61-00 (доб. 4);techkids.ru/o-kompanii;сайт открывается (200). На сайте адрес Промышленный проезд д.3 (в списке д.1). Доп. +7 (927) 274-97-97
45;ООО "ТК "Биотех";https://www.tk-biotech.ru/;8 (8342) 36-01-01;tk-biotech.ru/contact;сайт открывается (200). Адрес Лодыгина 3 совпадает. Доп. 8 (937) 676-01-01
46;ООО "ТК "ЖНФ";https://nano4.ru/;+7 (937) 673-49-50;nano4.ru (контакты);сайт открывается (200). Антикоррозионные покрытия NANO4. Яндекс Карты: +7 (927) 979-00-30 и +7 (8342) 33-30-63
47;ООО "Торговый дом "СаранскСпецТехника";https://sstrm.ru/;+7 (960) 330-95-95;sstrm.ru (контакты);сайт открывается (200). Адрес совпадает. Второй сайт: https://sst-rm.ru/ (завод прицепов ССТ). Доп. +7 (960) 330-70-70
48;ООО "Фотонные технологические системы";https://phts.ru/;+7 (964) 853-00-05;phts.ru/contacts;сайт открывается медленно. Юр. адрес на сайте: ул. Строительная 8 пом. 8. Доп. отдел продаж +7 (964) 840-42-05
49;ООО "Франц Кляйне";https://www.franz-kleine.ru/;+7 (8342) 56-01-63;franz-kleine.ru (контакты);сайт открывается (200). Адрес Севастопольская 128 совпадает
50;ООО МП "Искра";NONE;+7 (8342) 24-60-88;Яндекс Карты;своего рабочего сайта нет. Домен iskravos.ru из справочника занят казино-спамом. Доп. +7 (8342) 24-61-33
51;ООО СК "Связьстройком";NONE;+7 (8342) 27-10-27;Яндекс Карты;сайт не найден. cckom.elcom.ru - владимирская компания, не совпадает. Доп. +7 (8342) 27-11-27
