n;url;visual_gap;has_catalog;content_richness;brand_colors;logo_present;visual_problems
1;https://saranskkonserv.ru;3;yes;medium;#3A9A2A #E0213F #3B4A4F;yes;Слайдер в шапке обрезает слова на слайдах (читается "АЧЕСТВО") и выглядит дёшево. Все плитки категорий одинаковы и без цен или фасовки. Логотипы торговых марок мелкие и разбросаны 3+1 без выравнивания. Стоковые фото и шрифты разного стиля - нет цельного бренда.
2;https://oaomam.ru;1;yes;high;#1C4A35 #F2C230 #2E9C8A;yes;Современный аккуратный сайт с каталогом и формой заявки. Главный экран с крупным заголовком поверх фото читается слабовато. Блок с фактами и новости оформлены шаблонно.
4;https://m-gosplem.ru (редирект на m-g-p.bitrix24site.ru);3;yes;medium;#1B6B34 #3A3F47 #8DB600;yes;Конструктор Bitrix24 - шаблонный вид. Очень длинная страница с серыми иконками и разнородными фото и логотипами. Блок партнёров - сетка мелких логотипов без порядка. Технически: основной домен m-gosplem.ru не открылся (соединение закрыто) - работает только адрес bitrix24site.ru. HTTPS есть. На телефоне страница перестраивается. Год в подвале не указан.
7;https://samosvalsaz.ru;2;yes;medium;#2B3A6B #C8203A #EEEEEE;yes;Заголовок слишком крупный и плотный. Общий серый фон безликий. Баннер cookie закрывает фото. Оценено по снимку первого экрана.
8;http://skmi.net;3;yes;medium;#E9B24A #1A1A1A #FFF8EC;yes;Шапка с размытым фото колосьев смотрится недоделанной. Фото спагетти в тропиках не относится к теме. В каталоге всего 3 карточки и большая пустота под ними. Технически: HTTPS нет (только http). На телефоне страница шире экрана (550 вместо 390 px) - есть горизонтальная прокрутка. Год в подвале не указан.
11;https://szki13.ru;1;yes;high;#B8432A #1F2A37 #F5EFE9;yes;Современный сайт с ценами на карточках. При съёмке часть блоков не загрузилась (пустые зоны) - это эффект съёмки. Шаблонная подача.
14;https://www.avalon.su/;3;yes;medium;#2F7DC0 #1FD1B0 #1E3A5F;yes;Вид примерно 2014 года: узорный фон и цветные плитки-иконки разных оттенков. Плитки категорий без фото товара. Серо-голубой фон и тонкие шрифты бледные. Баннер cookie перекрывает плитки.
15;https://agrokurs.net/;1;yes;high;#2D3A1F #F2B705 #8A3A30;yes;Современный и насыщенный сайт. Страница очень длинная и перегружена блоками. Тёмная палитра с коричневым и оливковым тяжеловата.
17;https://akracom.ru/;2;yes;medium;#1F4BA5 #E3342F #F3F3F3;yes;Чистый современный дизайн но очень мало контента на главной. Мелкий текст в контактах и подвале. Пустое описание без фото и цифр. Миниатюры храмов под красками вводят в заблуждение.
19;https://gk-konstanta.ru/ru/;4;yes;medium;#0B3D91 #2F6DB5 #333333;yes;Шапка сломана: бледное дублирующее меню и заголовок обрезан плавающей панелью. Стена мелкого текста про "механизмы действия". Заголовки капсом разного размера и кнопки вразнобой. Лого почти не видно. Блок "Нашей продукции доверяют" пустой.
20;https://grimak.ru/;4;yes;medium;#E8681A #2E8B57 #2A6FB0;yes;Слайдер почти пустой: тёмный кадр с рукописным шрифтом. В блоке преимуществ странный диаграммный круг и крупные пустые серые и белые зоны. Фото магазинов мелкие. Видеоблок оранжевая заглушка. Подвал 2020 года.
21;https://diak.ru;4;yes;low;#4A80BD #1A1A1A #D0D0D0;yes;Конструктор Tilda без индивидуального дизайна. Три картинки-иллюстрации вместо фото. Текст "О компании" голый и без структуры. Иконки преимуществ разного стиля и размера. Технически: HTTPS есть. На телефоне страница перестраивается. Год в подвале не указан.
23;https://injstroys.ru/;2;yes;high;#2B2FA0 #F28C1E #FFFFFF;yes;Богатый современный сайт но шаблонный. Очень длинная страница с мелким текстом. Плотные блоки цен и отзывов выглядят тесно.
24;https://kti-saransk.ru/;3;yes;medium;#FDA55B #333333 #F0F0F0;yes;Заголовок наезжает на меню в шапке. Несколько больших пустых блоков и тёмная пустая секция. Вместо сертификатов сломанные картинки с подписями cert-kti. Мало фото продукции.
28;https://nkbeton.ru/;1;yes;medium;#D0203C #1C2230 #F2F3F5;yes;Современный сайт с ценами на марки бетона. При съёмке большие блоки пустые (не догрузились) - эффект съёмки. Шаблонная подача и стоковые элементы. Мало фото.
29;https://www.orimex.ru/;0;yes;high;#5A3A2A #D9C3A5 #1A0F0D;yes;Сайт выглядит дорого и современно. Улучшать почти нечего. Баннер cookie перекрывает кнопку на главном экране.
31;https://pk-bellit.ru;3;yes;medium;#E0202A #2B2B2B #7A7A7A;yes;Вид примерно 2015 года. Карточки продукции - тёмные плашки поверх одинаковых бутылок без различий. Большие пустые зоны между блоками. Тёмный баннер и мелкие шрифты. Подвал 2022 года.
33;https://elementpro-fab.ru;1;yes;medium;#1F2227 #E8303A #FFFFFF;yes;Эффектный первый экран с фото и красным акцентом. Серые иконки и полупрозрачный текст читаются слабо. Оценено только по первому экрану.
37;https://szlk-srn.ru;5;yes;medium;#F26A2E #000000 #F8A96A;yes;Сломанные картинки (видны подписи вместо фото) в шапке и карточках. Меню обрезано и наезжает друг на друга. Огромные чёрные пустые зоны и белое пятно на главном экране. Заголовок "ПАРТНЕРЫ" и "ДОСТАВКА" обрезаны. Неряшливые градиенты оранжево-чёрного цвета.
38;https://sigmacolor.ru;2;yes;high;#6CB33F #5B57A5 #F4F4F4;yes;Страница шире окна и контент упирается в левый край. Блок "Обучающие материалы" пустой. Слайдер обрезает заголовок. Много элементов в разных стилях.
40;https://svent13.ru/;5;yes;medium;#C8102E #7A7A7A #2B2B2B;no;Стили не работают: меню и шапка идут сплошным списком ссылок. Текст накладывается на фото в блоках контактов и объектов. Огромные пустые и серые зоны. Нет логотипа-картинки - только текст.
43;https://rm-sfera.ru/;4;no;medium;#1F6A8A #23A0D8 #E04A30;yes;Вид примерно 2013 года: узкая рамка с тенями и серо-голубой фон. Огромный квадратный логотип поверх фото в шапке. Главная - сплошной текст про компанию без каталога и карточек. Заголовок на фото тонкий и наклонный.
44;https://techkids.ru/;3;yes;medium;#2F8F83 #1F2D5A #9BC53D;yes;Главный баннер пустой (серый прямоугольник). Фото товаров разного размера и качества. Лишний блок "1" в разделе преимуществ. Типовой интернет-магазин на конструкторе. Подвал 2022 года.
45;https://www.tk-biotech.ru/;2;yes;medium;#5FC20F #2B7FB8 #FFFFFF;yes;Блок "Биопрепараты Биотех" пустой - нет карточек. Серый блок консультации с блёклым текстом. Кислотно-зелёный цвет резкий. Текст на фото поля плохо читается.
46;https://nano4.ru/;4;yes;medium;#1F5FD0 #8B0F14 #6CC04A;yes;Вместо иконок размытые голубые пятна. Баннер cookie закрывает текст. Мелкий серый текст на цветном фоне. Заголовки в синих овалах выглядят неряшливо. Фото банок мутные и слабо читаются.
47;https://sstrm.ru/;5;yes;low;#800000 #000000 #F3F3F3;yes;Карточки каталога - тёмно-красные плитки без фото. Слайдер и блок партнёров пустые. Дизайн примерно 2012 года: чёрная шапка и бордовое меню. Лого уродливо вписано в кружок. Фото техники не показывает продукцию.
49;https://www.franz-kleine.ru/;1;yes;high;#0B4496 #F5C400 #00A0D2;yes;Первый экран с огромной фото техники и мелким слоганом. Видеоблок - голубая заглушка. Короткий текст и мало разделов. Шаблонная подача.
